scope,id,type,name,is_modified,is_value_affected,is_reach_affected,is_upstream,node_id,node_operation,node_type,node_s_pos,node_e_pos,node_level,actor_id,reachability,reachability_actor_ids,code,use_ids,non_contaminated_use_nodes
CMakeLists.txt:n_dst_793,a292d0d7fb34f714c51cef69f3fbdd874e285cc7_destination_def_1,VARIABLE,CMAKE_CXX_STANDARD,True,False,False,False,CMakeLists.txt:n_dst_61,added,unquoted_argument,1056,1074,3,a292d0d7fb34f714c51cef69f3fbdd874e285cc7_destination_actor_3,[],[],set(CMAKE_CXX_STANDARD 14),[],0
CMakeLists.txt:n_dst_793,a292d0d7fb34f714c51cef69f3fbdd874e285cc7_destination_def_2,VARIABLE,NATRON_SYSTEM_LIBS,True,False,False,False,CMakeLists.txt:n_dst_70,added,unquoted_argument,1087,1105,3,a292d0d7fb34f714c51cef69f3fbdd874e285cc7_destination_actor_4,[],[],"option(NATRON_SYSTEM_LIBS ""use system versions of dependencies instead of bundled ones"" OFF)",['a292d0d7fb34f714c51cef69f3fbdd874e285cc7_destination_use_15'],0
CMakeLists.txt:n_dst_793,a292d0d7fb34f714c51cef69f3fbdd874e285cc7_destination_def_3,VARIABLE,NATRON_BUILD_TESTS,True,False,False,False,CMakeLists.txt:n_dst_83,added,unquoted_argument,1180,1198,3,a292d0d7fb34f714c51cef69f3fbdd874e285cc7_destination_actor_5,[],[],"option(NATRON_BUILD_TESTS ""build the Natron test suite"" ON)",['a292d0d7fb34f714c51cef69f3fbdd874e285cc7_destination_use_144'],0
CMakeLists.txt:n_dst_793,a292d0d7fb34f714c51cef69f3fbdd874e285cc7_destination_def_4,VARIABLE,CMAKE_BUILD_TYPE,True,False,False,False,CMakeLists.txt:n_dst_156,added,unquoted_argument,1447,1463,6,a292d0d7fb34f714c51cef69f3fbdd874e285cc7_destination_actor_11,"['NOT DEFINED CMAKE_BUILD_TYPE OR CMAKE_BUILD_TYPE STREQUAL """"']",['a292d0d7fb34f714c51cef69f3fbdd874e285cc7_destination_actor_10'],"set(CMAKE_BUILD_TYPE ""RelWithDebInfo"" CACHE STRING ""Choose the type of build."" FORCE)",['a292d0d7fb34f714c51cef69f3fbdd874e285cc7_destination_use_4'],0
CMakeLists.txt:n_dst_793,a292d0d7fb34f714c51cef69f3fbdd874e285cc7_destination_def_5,VARIABLE,Boost_FOUND,True,False,False,False,CMakeLists.txt:n_dst_203,added,unquoted_argument,1640,1645,3,a292d0d7fb34f714c51cef69f3fbdd874e285cc7_destination_actor_13,[],[],find_package(Boost COMPONENTS headers serialization),[],0
CMakeLists.txt:n_dst_793,a292d0d7fb34f714c51cef69f3fbdd874e285cc7_destination_def_6,VARIABLE,Python3_FIND_REGISTRY,True,False,False,False,CMakeLists.txt:n_dst_223,added,unquoted_argument,1775,1796,6,a292d0d7fb34f714c51cef69f3fbdd874e285cc7_destination_actor_15,['WIN32'],['a292d0d7fb34f714c51cef69f3fbdd874e285cc7_destination_actor_14'],set(Python3_FIND_REGISTRY NEVER),[],0
CMakeLists.txt:n_dst_793,a292d0d7fb34f714c51cef69f3fbdd874e285cc7_destination_def_7,VARIABLE,Python3_FOUND,True,False,False,False,CMakeLists.txt:n_dst_240,added,unquoted_argument,1825,1832,3,a292d0d7fb34f714c51cef69f3fbdd874e285cc7_destination_actor_16,[],[],find_package(Python3 COMPONENTS Interpreter Development),[],0
CMakeLists.txt:n_dst_793,a292d0d7fb34f714c51cef69f3fbdd874e285cc7_destination_def_8,VARIABLE,Qt5_FOUND,True,False,False,False,CMakeLists.txt:n_dst_253,added,unquoted_argument,1882,1885,3,a292d0d7fb34f714c51cef69f3fbdd874e285cc7_destination_actor_17,[],[],find_package(Qt5 5.15 CONFIG REQUIRED COMPONENTS Core Gui Network Widgets Concurrent),[],0
CMakeLists.txt:n_dst_793,a292d0d7fb34f714c51cef69f3fbdd874e285cc7_destination_def_9,VARIABLE,Shiboken2_FOUND,True,False,False,False,CMakeLists.txt:n_dst_278,added,unquoted_argument,1968,1977,3,a292d0d7fb34f714c51cef69f3fbdd874e285cc7_destination_actor_18,[],[],find_package(Shiboken2 5.15 CONFIG REQUIRED COMPONENTS libshiboken2 shiboken2),[],0
CMakeLists.txt:n_dst_793,a292d0d7fb34f714c51cef69f3fbdd874e285cc7_destination_def_10,VARIABLE,PySide2_FOUND,True,False,False,False,CMakeLists.txt:n_dst_297,added,unquoted_argument,2047,2054,3,a292d0d7fb34f714c51cef69f3fbdd874e285cc7_destination_actor_19,[],[],find_package(PySide2 5.15 CONFIG REQUIRED COMPONENTS pyside2),[],0
CMakeLists.txt:n_dst_793,a292d0d7fb34f714c51cef69f3fbdd874e285cc7_destination_def_11,VARIABLE,QT_VERSION_MAJOR,True,False,False,False,CMakeLists.txt:n_dst_314,added,unquoted_argument,2100,2116,3,a292d0d7fb34f714c51cef69f3fbdd874e285cc7_destination_actor_20,[],[],set(QT_VERSION_MAJOR 5),"['a292d0d7fb34f714c51cef69f3fbdd874e285cc7_destination_use_31', 'a292d0d7fb34f714c51cef69f3fbdd874e285cc7_destination_use_95', 'a292d0d7fb34f714c51cef69f3fbdd874e285cc7_destination_use_140']",0
CMakeLists.txt:n_dst_793,a292d0d7fb34f714c51cef69f3fbdd874e285cc7_destination_def_12,VARIABLE,PYSIDE_INCLUDE_DIRS,True,False,False,False,CMakeLists.txt:n_dst_323,added,unquoted_argument,2140,2159,3,a292d0d7fb34f714c51cef69f3fbdd874e285cc7_destination_actor_21,[],[],get_target_property(PYSIDE_INCLUDE_DIRS PySide2::pyside2 INTERFACE_INCLUDE_DIRECTORIES),"['a292d0d7fb34f714c51cef69f3fbdd874e285cc7_destination_use_32', 'a292d0d7fb34f714c51cef69f3fbdd874e285cc7_destination_use_33', 'a292d0d7fb34f714c51cef69f3fbdd874e285cc7_destination_use_72', 'a292d0d7fb34f714c51cef69f3fbdd874e285cc7_destination_use_96', 'a292d0d7fb34f714c51cef69f3fbdd874e285cc7_destination_use_97', 'a292d0d7fb34f714c51cef69f3fbdd874e285cc7_destination_use_98', 'a292d0d7fb34f714c51cef69f3fbdd874e285cc7_destination_use_99', 'a292d0d7fb34f714c51cef69f3fbdd874e285cc7_destination_use_136', 'a292d0d7fb34f714c51cef69f3fbdd874e285cc7_destination_use_137', 'a292d0d7fb34f714c51cef69f3fbdd874e285cc7_destination_use_138']",0
CMakeLists.txt:n_dst_793,a292d0d7fb34f714c51cef69f3fbdd874e285cc7_destination_def_13,VARIABLE,Qt5_INCLUDE_DIR,True,False,False,False,CMakeLists.txt:n_dst_348,added,unquoted_argument,2249,2264,3,a292d0d7fb34f714c51cef69f3fbdd874e285cc7_destination_actor_22,[],[],"string(REGEX REPLACE ""(.*)QtCore$"" ""\\1"" Qt5_INCLUDE_DIR ${Qt5Core_INCLUDE_DIRS})",['a292d0d7fb34f714c51cef69f3fbdd874e285cc7_destination_use_9'],0
CMakeLists.txt:n_dst_793,a292d0d7fb34f714c51cef69f3fbdd874e285cc7_destination_def_14,VARIABLE,QTCORE_INCLUDE_DIRS,True,False,False,False,CMakeLists.txt:n_dst_362,added,unquoted_argument,2294,2313,3,a292d0d7fb34f714c51cef69f3fbdd874e285cc7_destination_actor_23,[],[],set(QTCORE_INCLUDE_DIRS ${Qt5_INCLUDE_DIR} ${Qt5Core_INCLUDE_DIRS}),"['a292d0d7fb34f714c51cef69f3fbdd874e285cc7_destination_use_34', 'a292d0d7fb34f714c51cef69f3fbdd874e285cc7_destination_use_101']",0
CMakeLists.txt:n_dst_793,a292d0d7fb34f714c51cef69f3fbdd874e285cc7_destination_def_15,VARIABLE,QTGUI_INCLUDE_DIRS,True,False,False,False,CMakeLists.txt:n_dst_383,added,unquoted_argument,2362,2380,3,a292d0d7fb34f714c51cef69f3fbdd874e285cc7_destination_actor_24,[],[],set(QTGUI_INCLUDE_DIRS ${Qt5Gui_INCLUDE_DIRS}),['a292d0d7fb34f714c51cef69f3fbdd874e285cc7_destination_use_102'],0
CMakeLists.txt:n_dst_793,a292d0d7fb34f714c51cef69f3fbdd874e285cc7_destination_def_16,VARIABLE,QTWIDGETS_INCLUDE_DIRS,True,False,False,False,CMakeLists.txt:n_dst_397,added,unquoted_argument,2409,2431,3,a292d0d7fb34f714c51cef69f3fbdd874e285cc7_destination_actor_25,[],[],set(QTWIDGETS_INCLUDE_DIRS ${Qt5Widgets_INCLUDE_DIRS}),['a292d0d7fb34f714c51cef69f3fbdd874e285cc7_destination_use_103'],0
CMakeLists.txt:n_dst_793,a292d0d7fb34f714c51cef69f3fbdd874e285cc7_destination_def_17,VARIABLE,CMAKE_C_FLAGS,True,False,False,False,CMakeLists.txt:n_dst_428,added,unquoted_argument,2689,2702,6,a292d0d7fb34f714c51cef69f3fbdd874e285cc7_destination_actor_28,['NOT MSVC'],['a292d0d7fb34f714c51cef69f3fbdd874e285cc7_destination_actor_27'],"SET(CMAKE_C_FLAGS ""${CMAKE_C_FLAGS}-Wmissing-prototypes"")",[],0
CMakeLists.txt:n_dst_793,a292d0d7fb34f714c51cef69f3fbdd874e285cc7_destination_def_18,VARIABLE,glog_FOUND,True,False,False,False,CMakeLists.txt:n_dst_490,added,unquoted_argument,3090,3094,6,a292d0d7fb34f714c51cef69f3fbdd874e285cc7_destination_actor_31,['NATRON_SYSTEM_LIBS'],['a292d0d7fb34f714c51cef69f3fbdd874e285cc7_destination_actor_30'],find_package(glog),[],0
CMakeLists.txt:n_dst_793,a292d0d7fb34f714c51cef69f3fbdd874e285cc7_destination_def_19,VARIABLE,Ceres_FOUND,True,False,False,False,CMakeLists.txt:n_dst_497,added,unquoted_argument,3113,3118,6,a292d0d7fb34f714c51cef69f3fbdd874e285cc7_destination_actor_32,['NATRON_SYSTEM_LIBS'],['a292d0d7fb34f714c51cef69f3fbdd874e285cc7_destination_actor_30'],find_package(Ceres),[],0
CMakeLists.txt:n_dst_793,a292d0d7fb34f714c51cef69f3fbdd874e285cc7_destination_def_20,VARIABLE,ECM_FOUND,True,False,False,False,CMakeLists.txt:n_dst_524,added,unquoted_argument,3169,3172,6,a292d0d7fb34f714c51cef69f3fbdd874e285cc7_destination_actor_34,['UNIX AND NOT APPLE'],['a292d0d7fb34f714c51cef69f3fbdd874e285cc7_destination_actor_33'],find_package(ECM NO_MODULE),[],0
CMakeLists.txt:n_dst_793,a292d0d7fb34f714c51cef69f3fbdd874e285cc7_destination_def_21,VARIABLE,CMAKE_MODULE_PATH,True,False,False,False,CMakeLists.txt:n_dst_533,added,unquoted_argument,3192,3209,6,a292d0d7fb34f714c51cef69f3fbdd874e285cc7_destination_actor_35,['UNIX AND NOT APPLE'],['a292d0d7fb34f714c51cef69f3fbdd874e285cc7_destination_actor_33'],set(CMAKE_MODULE_PATH ${ECM_MODULE_PATH} ${CMAKE_MODULE_PATH}),[],0
CMakeLists.txt:n_dst_793,a292d0d7fb34f714c51cef69f3fbdd874e285cc7_destination_def_22,VARIABLE,X11_FOUND,True,False,False,False,CMakeLists.txt:n_dst_554,added,unquoted_argument,3268,3271,6,a292d0d7fb34f714c51cef69f3fbdd874e285cc7_destination_actor_36,['UNIX AND NOT APPLE'],['a292d0d7fb34f714c51cef69f3fbdd874e285cc7_destination_actor_33'],find_package(X11 REQUIRED),[],0
CMakeLists.txt:n_dst_793,a292d0d7fb34f714c51cef69f3fbdd874e285cc7_destination_def_23,VARIABLE,Wayland_FOUND,True,False,False,False,CMakeLists.txt:n_dst_563,added,unquoted_argument,3299,3306,6,a292d0d7fb34f714c51cef69f3fbdd874e285cc7_destination_actor_37,['UNIX AND NOT APPLE'],['a292d0d7fb34f714c51cef69f3fbdd874e285cc7_destination_actor_33'],find_package(Wayland COMPONENTS Client Egl),['a292d0d7fb34f714c51cef69f3fbdd874e285cc7_destination_use_61'],0
CMakeLists.txt:n_dst_793,a292d0d7fb34f714c51cef69f3fbdd874e285cc7_destination_def_24,VARIABLE,CMAKE_RC_COMPILER_INIT,True,False,False,False,CMakeLists.txt:n_dst_661,added,unquoted_argument,3704,3726,9,a292d0d7fb34f714c51cef69f3fbdd874e285cc7_destination_actor_47,"['NOT (UNIX AND NOT APPLE)', 'NOT (APPLE)', 'WIN32', 'NOT MSVC']","['a292d0d7fb34f714c51cef69f3fbdd874e285cc7_destination_actor_33', 'a292d0d7fb34f714c51cef69f3fbdd874e285cc7_destination_actor_38', 'a292d0d7fb34f714c51cef69f3fbdd874e285cc7_destination_actor_40', 'a292d0d7fb34f714c51cef69f3fbdd874e285cc7_destination_actor_44']",set(CMAKE_RC_COMPILER_INIT windres),[],0
CMakeLists.txt:n_dst_793,a292d0d7fb34f714c51cef69f3fbdd874e285cc7_destination_def_25,VARIABLE,CMAKE_RC_COMPILE_OBJECT,True,False,False,False,CMakeLists.txt:n_dst_670,added,unquoted_argument,3748,3771,9,a292d0d7fb34f714c51cef69f3fbdd874e285cc7_destination_actor_48,"['NOT (UNIX AND NOT APPLE)', 'NOT (APPLE)', 'WIN32', 'NOT MSVC']","['a292d0d7fb34f714c51cef69f3fbdd874e285cc7_destination_actor_33', 'a292d0d7fb34f714c51cef69f3fbdd874e285cc7_destination_actor_38', 'a292d0d7fb34f714c51cef69f3fbdd874e285cc7_destination_actor_40', 'a292d0d7fb34f714c51cef69f3fbdd874e285cc7_destination_actor_44']","set(CMAKE_RC_COMPILE_OBJECT ""<CMAKE_RC_COMPILER> <FLAGS> -O coff <DEFINES> -i <SOURCE> -o <OBJECT>"")",[],0
CMakeLists.txt:n_dst_793,a292d0d7fb34f714c51cef69f3fbdd874e285cc7_destination_def_26,VARIABLE,CMAKE_AUTOMOC,True,False,False,False,CMakeLists.txt:n_dst_704,added,unquoted_argument,3907,3920,3,a292d0d7fb34f714c51cef69f3fbdd874e285cc7_destination_actor_50,[],[],set(CMAKE_AUTOMOC ON),[],0
CMakeLists.txt:n_dst_793,a292d0d7fb34f714c51cef69f3fbdd874e285cc7_destination_def_27,VARIABLE,CMAKE_AUTORCC,True,False,False,False,CMakeLists.txt:n_dst_713,added,unquoted_argument,3929,3942,3,a292d0d7fb34f714c51cef69f3fbdd874e285cc7_destination_actor_51,[],[],set(CMAKE_AUTORCC ON),[],0
CMakeLists.txt:n_dst_793/CMakeLists.txt:n_dst_736,a292d0d7fb34f714c51cef69f3fbdd874e285cc7_destination_def_28,VARIABLE,EXPAT_FOUND,True,False,False,False,HostSupport__CMakeLists.txt:n_dst_22,added,unquoted_argument,929,934,3,a292d0d7fb34f714c51cef69f3fbdd874e285cc7_destination_actor_55,[],['a292d0d7fb34f714c51cef69f3fbdd874e285cc7_destination_actor_54'],find_package(EXPAT REQUIRED),[],0
CMakeLists.txt:n_dst_793/CMakeLists.txt:n_dst_736,a292d0d7fb34f714c51cef69f3fbdd874e285cc7_destination_def_29,VARIABLE,HostSupport_HEADERS,True,False,False,False,HostSupport__CMakeLists.txt:n_dst_33,added,unquoted_argument,956,975,3,a292d0d7fb34f714c51cef69f3fbdd874e285cc7_destination_actor_56,[],['a292d0d7fb34f714c51cef69f3fbdd874e285cc7_destination_actor_54'],file(GLOB HostSupport_HEADERS ../libs/OpenFX/HostSupport/include/*.h ../libs/OpenFX/include/*.h ../libs/OpenFX/include/nuke/*.h ../libs/OpenFX/include/tuttle/*.h ../libs/OpenFX_extensions/ofxhParametricParam.h),['a292d0d7fb34f714c51cef69f3fbdd874e285cc7_destination_use_23'],0
CMakeLists.txt:n_dst_793/CMakeLists.txt:n_dst_736,a292d0d7fb34f714c51cef69f3fbdd874e285cc7_destination_def_30,VARIABLE,HostSupport_SOURCES,True,False,False,False,HostSupport__CMakeLists.txt:n_dst_50,added,unquoted_argument,1182,1201,3,a292d0d7fb34f714c51cef69f3fbdd874e285cc7_destination_actor_57,[],['a292d0d7fb34f714c51cef69f3fbdd874e285cc7_destination_actor_54'],set(HostSupport_SOURCES ../libs/OpenFX/HostSupport/src/ofxhBinary.cpp ../libs/OpenFX/HostSupport/src/ofxhClip.cpp ../libs/OpenFX/HostSupport/src/ofxhHost.cpp ../libs/OpenFX/HostSupport/src/ofxhImageEffect.cpp ../libs/OpenFX/HostSupport/src/ofxhImageEffectAPI.cpp ../libs/OpenFX/HostSupport/src/ofxhInteract.cpp ../libs/OpenFX/HostSupport/src/ofxhMemory.cpp ../libs/OpenFX/HostSupport/src/ofxhParam.cpp ../libs/OpenFX/HostSupport/src/ofxhPluginAPICache.cpp ../libs/OpenFX/HostSupport/src/ofxhPluginCache.cpp ../libs/OpenFX/HostSupport/src/ofxhPropertySuite.cpp ../libs/OpenFX/HostSupport/src/ofxhUtilities.cpp ../libs/OpenFX_extensions/ofxhParametricParam.cpp ${HostSupport_HEADERS}),['a292d0d7fb34f714c51cef69f3fbdd874e285cc7_destination_use_24'],0
CMakeLists.txt:n_dst_793/CMakeLists.txt:n_dst_736,a292d0d7fb34f714c51cef69f3fbdd874e285cc7_destination_def_31,DELIVERABLE,HostSupport,True,False,False,False,HostSupport__CMakeLists.txt:n_dst_90,added,unquoted_argument,1930,1941,3,a292d0d7fb34f714c51cef69f3fbdd874e285cc7_destination_actor_58,[],['a292d0d7fb34f714c51cef69f3fbdd874e285cc7_destination_actor_54'],add_library(HostSupport STATIC ${HostSupport_SOURCES}),['a292d0d7fb34f714c51cef69f3fbdd874e285cc7_destination_use_25'],0
CMakeLists.txt:n_dst_793/CMakeLists.txt:n_dst_736,a292d0d7fb34f714c51cef69f3fbdd874e285cc7_destination_def_32,DELIVERABLE,HostSupport,True,False,False,False,HostSupport__CMakeLists.txt:n_dst_106,added,unquoted_argument,1995,2006,3,a292d0d7fb34f714c51cef69f3fbdd874e285cc7_destination_actor_59,[],['a292d0d7fb34f714c51cef69f3fbdd874e285cc7_destination_actor_54'],target_link_libraries(HostSupport PRIVATE EXPAT::EXPAT),['a292d0d7fb34f714c51cef69f3fbdd874e285cc7_destination_use_26'],0
CMakeLists.txt:n_dst_793/CMakeLists.txt:n_dst_736,a292d0d7fb34f714c51cef69f3fbdd874e285cc7_destination_def_33,DELIVERABLE,HostSupport,True,False,False,False,HostSupport__CMakeLists.txt:n_dst_117,added,unquoted_argument,2069,2080,3,a292d0d7fb34f714c51cef69f3fbdd874e285cc7_destination_actor_60,[],['a292d0d7fb34f714c51cef69f3fbdd874e285cc7_destination_actor_54'],target_include_directories(HostSupport PUBLIC ../libs/OpenFX/include ../libs/OpenFX_extensions ../libs/OpenFX/HostSupport/include),['a292d0d7fb34f714c51cef69f3fbdd874e285cc7_destination_use_27'],0
CMakeLists.txt:n_dst_793/CMakeLists.txt:n_dst_736,a292d0d7fb34f714c51cef69f3fbdd874e285cc7_destination_def_34,DELIVERABLE,HostSupport,True,False,False,False,HostSupport__CMakeLists.txt:n_dst_132,added,unquoted_argument,2229,2240,3,a292d0d7fb34f714c51cef69f3fbdd874e285cc7_destination_actor_61,[],['a292d0d7fb34f714c51cef69f3fbdd874e285cc7_destination_actor_54'],target_compile_definitions(HostSupport PUBLIC OFX_EXTENSIONS_NUKE OFX_EXTENSIONS_TUTTLE OFX_EXTENSIONS_VEGAS OFX_SUPPORTS_PARAMETRIC OFX_EXTENSIONS_TUTTLE OFX_EXTENSIONS_NATRON OFX_EXTENSIONS_RESOLVE OFX_SUPPORTS_OPENGLRENDER OFX_SUPPORTS_MULTITHREAD OFX_SUPPORTS_DIALOG),['a292d0d7fb34f714c51cef69f3fbdd874e285cc7_destination_use_28'],0
CMakeLists.txt:n_dst_793/CMakeLists.txt:n_dst_736,a292d0d7fb34f714c51cef69f3fbdd874e285cc7_destination_def_35,DELIVERABLE,HostSupport,True,False,False,False,HostSupport__CMakeLists.txt:n_dst_161,added,unquoted_argument,2581,2592,3,a292d0d7fb34f714c51cef69f3fbdd874e285cc7_destination_actor_62,[],['a292d0d7fb34f714c51cef69f3fbdd874e285cc7_destination_actor_54'],set_target_properties(HostSupport PROPERTIES POSITION_INDEPENDENT_CODE ON),[],0
CMakeLists.txt:n_dst_793/CMakeLists.txt:n_dst_736,a292d0d7fb34f714c51cef69f3fbdd874e285cc7_destination_def_36,PROPERTY,POSITION_INDEPENDENT_CODE,True,False,False,False,HostSupport__CMakeLists.txt:n_dst_165,added,unquoted_argument,2604,2629,3,a292d0d7fb34f714c51cef69f3fbdd874e285cc7_destination_actor_62,[],['a292d0d7fb34f714c51cef69f3fbdd874e285cc7_destination_actor_54'],set_target_properties(HostSupport PROPERTIES POSITION_INDEPENDENT_CODE ON),[],0
CMakeLists.txt:n_dst_793/CMakeLists.txt:n_dst_743,a292d0d7fb34f714c51cef69f3fbdd874e285cc7_destination_def_37,VARIABLE,NatronEngine_HEADERS,True,False,False,False,Engine__CMakeLists.txt:n_dst_45,added,unquoted_argument,954,974,3,a292d0d7fb34f714c51cef69f3fbdd874e285cc7_destination_actor_66,[],['a292d0d7fb34f714c51cef69f3fbdd874e285cc7_destination_actor_63'],file(GLOB NatronEngine_HEADERS *.h),"['a292d0d7fb34f714c51cef69f3fbdd874e285cc7_destination_use_55', 'a292d0d7fb34f714c51cef69f3fbdd874e285cc7_destination_use_66']",0
CMakeLists.txt:n_dst_793/CMakeLists.txt:n_dst_743,a292d0d7fb34f714c51cef69f3fbdd874e285cc7_destination_def_38,VARIABLE,NatronEngine_SOURCES,True,False,False,False,Engine__CMakeLists.txt:n_dst_56,added,unquoted_argument,990,1010,3,a292d0d7fb34f714c51cef69f3fbdd874e285cc7_destination_actor_67,[],['a292d0d7fb34f714c51cef69f3fbdd874e285cc7_destination_actor_63'],file(GLOB NatronEngine_SOURCES *.cpp),"['a292d0d7fb34f714c51cef69f3fbdd874e285cc7_destination_use_63', 'a292d0d7fb34f714c51cef69f3fbdd874e285cc7_destination_use_65']",0
CMakeLists.txt:n_dst_793/CMakeLists.txt:n_dst_743,a292d0d7fb34f714c51cef69f3fbdd874e285cc7_destination_def_39,VARIABLE,PYENGINE_OUT,True,False,False,False,Engine__CMakeLists.txt:n_dst_65,added,unquoted_argument,1023,1035,3,a292d0d7fb34f714c51cef69f3fbdd874e285cc7_destination_actor_68,[],['a292d0d7fb34f714c51cef69f3fbdd874e285cc7_destination_actor_63'],set(PYENGINE_OUT ${CMAKE_CURRENT_BINARY_DIR}/Qt${QT_VERSION_MAJOR}),"['a292d0d7fb34f714c51cef69f3fbdd874e285cc7_destination_use_41', 'a292d0d7fb34f714c51cef69f3fbdd874e285cc7_destination_use_47', 'a292d0d7fb34f714c51cef69f3fbdd874e285cc7_destination_use_53']",0
CMakeLists.txt:n_dst_793/CMakeLists.txt:n_dst_743,a292d0d7fb34f714c51cef69f3fbdd874e285cc7_destination_def_40,VARIABLE,PYENGINE_INCLUDE_DIRS,True,False,False,False,Engine__CMakeLists.txt:n_dst_86,added,unquoted_argument,1091,1112,3,a292d0d7fb34f714c51cef69f3fbdd874e285cc7_destination_actor_69,[],['a292d0d7fb34f714c51cef69f3fbdd874e285cc7_destination_actor_63'],set(PYENGINE_INCLUDE_DIRS ${PYSIDE_INCLUDE_DIRS} ${PYSIDE_INCLUDE_DIRS}/QtCore),['a292d0d7fb34f714c51cef69f3fbdd874e285cc7_destination_use_37'],0
CMakeLists.txt:n_dst_793/CMakeLists.txt:n_dst_743,a292d0d7fb34f714c51cef69f3fbdd874e285cc7_destination_def_41,VARIABLE,PYENGINE_INCLUDE_DIRS,True,False,False,False,Engine__CMakeLists.txt:n_dst_110,added,unquoted_argument,1179,1200,3,a292d0d7fb34f714c51cef69f3fbdd874e285cc7_destination_actor_70,[],['a292d0d7fb34f714c51cef69f3fbdd874e285cc7_destination_actor_63'],list(APPEND PYENGINE_INCLUDE_DIRS ${QTCORE_INCLUDE_DIRS} ${Python3_INCLUDE_DIRS} ${Boost_INCLUDE_DIRS}),['a292d0d7fb34f714c51cef69f3fbdd874e285cc7_destination_use_38'],0
CMakeLists.txt:n_dst_793/CMakeLists.txt:n_dst_743,a292d0d7fb34f714c51cef69f3fbdd874e285cc7_destination_def_42,VARIABLE,PYENGINE_INCLUDE_DIRS,True,False,False,False,Engine__CMakeLists.txt:n_dst_140,added,unquoted_argument,1286,1307,3,a292d0d7fb34f714c51cef69f3fbdd874e285cc7_destination_actor_71,[],['a292d0d7fb34f714c51cef69f3fbdd874e285cc7_destination_actor_63'],"list(TRANSFORM PYENGINE_INCLUDE_DIRS PREPEND ""-I"" OUTPUT_VARIABLE PYENGINE_INCS)",[],0
CMakeLists.txt:n_dst_793/CMakeLists.txt:n_dst_743,a292d0d7fb34f714c51cef69f3fbdd874e285cc7_destination_def_43,VARIABLE,PYENGINE_HEADER,True,False,False,False,Engine__CMakeLists.txt:n_dst_157,added,unquoted_argument,1356,1371,3,a292d0d7fb34f714c51cef69f3fbdd874e285cc7_destination_actor_72,[],['a292d0d7fb34f714c51cef69f3fbdd874e285cc7_destination_actor_63'],set(PYENGINE_HEADER PySide2_Engine_Python.h),"['a292d0d7fb34f714c51cef69f3fbdd874e285cc7_destination_use_42', 'a292d0d7fb34f714c51cef69f3fbdd874e285cc7_destination_use_54']",0
CMakeLists.txt:n_dst_793/CMakeLists.txt:n_dst_743,a292d0d7fb34f714c51cef69f3fbdd874e285cc7_destination_def_44,VARIABLE,POST_SHIBOKEN,True,False,False,False,Engine__CMakeLists.txt:n_dst_166,added,unquoted_argument,1401,1414,3,a292d0d7fb34f714c51cef69f3fbdd874e285cc7_destination_actor_73,[],['a292d0d7fb34f714c51cef69f3fbdd874e285cc7_destination_actor_63'],set(POST_SHIBOKEN ../tools/utils/runPostShiboken2.sh),"['a292d0d7fb34f714c51cef69f3fbdd874e285cc7_destination_use_52', 'a292d0d7fb34f714c51cef69f3fbdd874e285cc7_destination_use_56']",0
CMakeLists.txt:n_dst_793/CMakeLists.txt:n_dst_743,a292d0d7fb34f714c51cef69f3fbdd874e285cc7_destination_def_45,VARIABLE,shiboken_args,True,False,False,False,Engine__CMakeLists.txt:n_dst_175,added,unquoted_argument,1456,1469,3,a292d0d7fb34f714c51cef69f3fbdd874e285cc7_destination_actor_74,[],['a292d0d7fb34f714c51cef69f3fbdd874e285cc7_destination_actor_63'],"set(shiboken_args ""--enable-parent-ctor-heuristic"" ""--use-isnull-as-nb_nonzero"" ""--avoid-protected-hack"" ""--enable-pyside-extensions"" ""-I."" ""-I.."" ""-I../Global"" ""-I../libs/OpenFX/include"" ${PYENGINE_INCS} ""-T${PYSIDE_TYPESYSTEMS}"" ""--output-directory=${PYENGINE_OUT}"" ""${PYENGINE_HEADER}"" ""typesystem_engine.xml"")","['a292d0d7fb34f714c51cef69f3fbdd874e285cc7_destination_use_45', 'a292d0d7fb34f714c51cef69f3fbdd874e285cc7_destination_use_51']",0
CMakeLists.txt:n_dst_793/CMakeLists.txt:n_dst_743,a292d0d7fb34f714c51cef69f3fbdd874e285cc7_destination_def_46,VARIABLE,shiboken_args,True,False,False,False,Engine__CMakeLists.txt:n_dst_262,added,unquoted_argument,1813,1826,6,a292d0d7fb34f714c51cef69f3fbdd874e285cc7_destination_actor_76,['APPLE'],"['a292d0d7fb34f714c51cef69f3fbdd874e285cc7_destination_actor_63', 'a292d0d7fb34f714c51cef69f3fbdd874e285cc7_destination_actor_75']",list(PREPEND shiboken_args -I${Qt5_DIR}/../../../include),['a292d0d7fb34f714c51cef69f3fbdd874e285cc7_destination_use_51'],0
CMakeLists.txt:n_dst_793/CMakeLists.txt:n_dst_743,a292d0d7fb34f714c51cef69f3fbdd874e285cc7_destination_def_47,VARIABLE,PyEngine_SOURCES,True,False,False,False,Engine__CMakeLists.txt:n_dst_317,added,unquoted_argument,2052,2068,3,a292d0d7fb34f714c51cef69f3fbdd874e285cc7_destination_actor_77,[],['a292d0d7fb34f714c51cef69f3fbdd874e285cc7_destination_actor_63'],execute_process(COMMAND ${Python3_EXECUTABLE} ../tools/utils/sourceList.py typesystem_engine.xml ${PYENGINE_OUT} WORKING_DIRECTORY ${CMAKE_CURRENT_SOURCE_DIR} OUTPUT_VARIABLE PyEngine_SOURCES),"['a292d0d7fb34f714c51cef69f3fbdd874e285cc7_destination_use_49', 'a292d0d7fb34f714c51cef69f3fbdd874e285cc7_destination_use_50', 'a292d0d7fb34f714c51cef69f3fbdd874e285cc7_destination_use_64']",0
CMakeLists.txt:n_dst_793/CMakeLists.txt:n_dst_743,a292d0d7fb34f714c51cef69f3fbdd874e285cc7_destination_def_48,PROPERTY,SKIP_AUTOGEN,True,False,False,False,Engine__CMakeLists.txt:n_dst_335,added,unquoted_argument,2119,2131,3,a292d0d7fb34f714c51cef69f3fbdd874e285cc7_destination_actor_78,[],['a292d0d7fb34f714c51cef69f3fbdd874e285cc7_destination_actor_63'],set_property(SOURCE ${PyEngine_SOURCES} PROPERTY SKIP_AUTOGEN ON),[],0
CMakeLists.txt:n_dst_793/CMakeLists.txt:n_dst_743,a292d0d7fb34f714c51cef69f3fbdd874e285cc7_destination_def_49,VARIABLE,XDG_LIBS,True,False,False,False,Engine__CMakeLists.txt:n_dst_436,added,unquoted_argument,2485,2493,6,a292d0d7fb34f714c51cef69f3fbdd874e285cc7_destination_actor_81,['UNIX AND NOT APPLE'],"['a292d0d7fb34f714c51cef69f3fbdd874e285cc7_destination_actor_63', 'a292d0d7fb34f714c51cef69f3fbdd874e285cc7_destination_actor_80']",set(XDG_LIBS ${X11_LIBRARIES}),"['a292d0d7fb34f714c51cef69f3fbdd874e285cc7_destination_use_62', 'a292d0d7fb34f714c51cef69f3fbdd874e285cc7_destination_use_68']",0
CMakeLists.txt:n_dst_793/CMakeLists.txt:n_dst_743,a292d0d7fb34f714c51cef69f3fbdd874e285cc7_destination_def_50,VARIABLE,XDG_LIBS,True,False,False,False,Engine__CMakeLists.txt:n_dst_456,added,unquoted_argument,2546,2554,9,a292d0d7fb34f714c51cef69f3fbdd874e285cc7_destination_actor_83,"['UNIX AND NOT APPLE', 'Wayland_FOUND']","['a292d0d7fb34f714c51cef69f3fbdd874e285cc7_destination_actor_63', 'a292d0d7fb34f714c51cef69f3fbdd874e285cc7_destination_actor_80', 'a292d0d7fb34f714c51cef69f3fbdd874e285cc7_destination_actor_82']",set(XDG_LIBS Wayland::Client Wayland::Egl ${XDG_LIBS}),['a292d0d7fb34f714c51cef69f3fbdd874e285cc7_destination_use_68'],0
CMakeLists.txt:n_dst_793/CMakeLists.txt:n_dst_743,a292d0d7fb34f714c51cef69f3fbdd874e285cc7_destination_def_51,VARIABLE,XDG_DEFS,True,False,False,False,Engine__CMakeLists.txt:n_dst_474,added,unquoted_argument,2609,2617,9,a292d0d7fb34f714c51cef69f3fbdd874e285cc7_destination_actor_84,"['UNIX AND NOT APPLE', 'Wayland_FOUND']","['a292d0d7fb34f714c51cef69f3fbdd874e285cc7_destination_actor_63', 'a292d0d7fb34f714c51cef69f3fbdd874e285cc7_destination_actor_80', 'a292d0d7fb34f714c51cef69f3fbdd874e285cc7_destination_actor_82']",set(XDG_DEFS __NATRON_WAYLAND__),['a292d0d7fb34f714c51cef69f3fbdd874e285cc7_destination_use_76'],0
CMakeLists.txt:n_dst_793/CMakeLists.txt:n_dst_743,a292d0d7fb34f714c51cef69f3fbdd874e285cc7_destination_def_52,VARIABLE,NatronEngine_SOURCES,True,False,False,False,Engine__CMakeLists.txt:n_dst_501,added,unquoted_argument,2672,2692,3,a292d0d7fb34f714c51cef69f3fbdd874e285cc7_destination_actor_85,[],['a292d0d7fb34f714c51cef69f3fbdd874e285cc7_destination_actor_63'],list(APPEND NatronEngine_SOURCES ${NatronEngine_SOURCES} ${PyEngine_SOURCES} ../Global/glad_source.c ../Global/FStreamsSupport.cpp ../Global/ProcInfo.cpp ../Global/PythonUtils.cpp ../Global/StrUtils.cpp ../libs/SequenceParsing/SequenceParsing.cpp),['a292d0d7fb34f714c51cef69f3fbdd874e285cc7_destination_use_67'],0
CMakeLists.txt:n_dst_793/CMakeLists.txt:n_dst_743,a292d0d7fb34f714c51cef69f3fbdd874e285cc7_destination_def_53,DELIVERABLE,NatronEngine,True,False,False,False,Engine__CMakeLists.txt:n_dst_534,added,unquoted_argument,2953,2965,3,a292d0d7fb34f714c51cef69f3fbdd874e285cc7_destination_actor_86,[],['a292d0d7fb34f714c51cef69f3fbdd874e285cc7_destination_actor_63'],add_library(NatronEngine STATIC ${NatronEngine_HEADERS} ${NatronEngine_SOURCES}),['a292d0d7fb34f714c51cef69f3fbdd874e285cc7_destination_use_69'],0
CMakeLists.txt:n_dst_793/CMakeLists.txt:n_dst_743,a292d0d7fb34f714c51cef69f3fbdd874e285cc7_destination_def_54,DELIVERABLE,NatronEngine,True,False,False,False,Engine__CMakeLists.txt:n_dst_557,added,unquoted_argument,3044,3056,3,a292d0d7fb34f714c51cef69f3fbdd874e285cc7_destination_actor_87,[],['a292d0d7fb34f714c51cef69f3fbdd874e285cc7_destination_actor_63'],target_link_libraries(NatronEngine PUBLIC HostSupport Boost::headers Boost::serialization PkgConfig::Cairo PRIVATE Shiboken2::libshiboken PySide2::pyside2 Qt5::Core Qt5::Concurrent Qt5::Network Python3::Module ${XDG_LIBS} ceres hoedown mv openMVG tess),"['a292d0d7fb34f714c51cef69f3fbdd874e285cc7_destination_use_71', 'a292d0d7fb34f714c51cef69f3fbdd874e285cc7_destination_use_74']",0
CMakeLists.txt:n_dst_793/CMakeLists.txt:n_dst_743,a292d0d7fb34f714c51cef69f3fbdd874e285cc7_destination_def_55,DELIVERABLE,NatronEngine,True,False,False,False,Engine__CMakeLists.txt:n_dst_612,added,unquoted_argument,3538,3550,6,a292d0d7fb34f714c51cef69f3fbdd874e285cc7_destination_actor_89,['WIN32'],"['a292d0d7fb34f714c51cef69f3fbdd874e285cc7_destination_actor_63', 'a292d0d7fb34f714c51cef69f3fbdd874e285cc7_destination_actor_88']",target_link_libraries(NatronEngine PRIVATE mpr),['a292d0d7fb34f714c51cef69f3fbdd874e285cc7_destination_use_74'],0
CMakeLists.txt:n_dst_793/CMakeLists.txt:n_dst_743,a292d0d7fb34f714c51cef69f3fbdd874e285cc7_destination_def_56,DELIVERABLE,NatronEngine,True,False,False,False,Engine__CMakeLists.txt:n_dst_631,added,unquoted_argument,3600,3612,3,a292d0d7fb34f714c51cef69f3fbdd874e285cc7_destination_actor_90,[],['a292d0d7fb34f714c51cef69f3fbdd874e285cc7_destination_actor_63'],"target_include_directories(NatronEngine PUBLIC ../Global/glad$<IF:$<CONFIG:Debug>,Deb,Rel>/include PRIVATE ${PYSIDE_INCLUDE_DIRS}/QtCore . .. ../Global ../libs/SequenceParsing ${X11_INCLUDE_DIR})",['a292d0d7fb34f714c51cef69f3fbdd874e285cc7_destination_use_77'],0
CMakeLists.txt:n_dst_793/CMakeLists.txt:n_dst_743,a292d0d7fb34f714c51cef69f3fbdd874e285cc7_destination_def_57,DELIVERABLE,NatronEngine,True,False,False,False,Engine__CMakeLists.txt:n_dst_676,added,unquoted_argument,3861,3873,3,a292d0d7fb34f714c51cef69f3fbdd874e285cc7_destination_actor_91,[],['a292d0d7fb34f714c51cef69f3fbdd874e285cc7_destination_actor_63'],target_compile_definitions(NatronEngine PRIVATE NATRON_CUSTOM_BUILD_USER_TOKEN=${BUILD_USER_NAME} NATRON_BUILD_NUMBER=0 ${XDG_DEFS}),[],0
CMakeLists.txt:n_dst_793/CMakeLists.txt:n_dst_750,a292d0d7fb34f714c51cef69f3fbdd874e285cc7_destination_def_58,VARIABLE,NatronPython_SOURCES,True,False,False,False,PythonBin__CMakeLists.txt:n_dst_21,added,unquoted_argument,856,876,3,a292d0d7fb34f714c51cef69f3fbdd874e285cc7_destination_actor_93,[],['a292d0d7fb34f714c51cef69f3fbdd874e285cc7_destination_actor_92'],set(NatronPython_SOURCES python_main.cpp ../Global/FStreamsSupport.cpp ../Global/PythonUtils.cpp ../Global/ProcInfo.cpp ../Global/StrUtils.cpp),['a292d0d7fb34f714c51cef69f3fbdd874e285cc7_destination_use_78'],0
CMakeLists.txt:n_dst_793/CMakeLists.txt:n_dst_750,a292d0d7fb34f714c51cef69f3fbdd874e285cc7_destination_def_59,DELIVERABLE,NatronPython,True,False,False,False,PythonBin__CMakeLists.txt:n_dst_38,added,unquoted_argument,1033,1045,3,a292d0d7fb34f714c51cef69f3fbdd874e285cc7_destination_actor_94,[],['a292d0d7fb34f714c51cef69f3fbdd874e285cc7_destination_actor_92'],add_executable(NatronPython ${NatronPython_SOURCES}),['a292d0d7fb34f714c51cef69f3fbdd874e285cc7_destination_use_79'],0
CMakeLists.txt:n_dst_793/CMakeLists.txt:n_dst_750,a292d0d7fb34f714c51cef69f3fbdd874e285cc7_destination_def_60,DELIVERABLE,NatronPython,True,False,False,False,PythonBin__CMakeLists.txt:n_dst_52,added,unquoted_argument,1093,1105,3,a292d0d7fb34f714c51cef69f3fbdd874e285cc7_destination_actor_95,[],['a292d0d7fb34f714c51cef69f3fbdd874e285cc7_destination_actor_92'],"set_target_properties(NatronPython PROPERTIES OUTPUT_NAME ""natron-python"")",['a292d0d7fb34f714c51cef69f3fbdd874e285cc7_destination_use_80'],0
CMakeLists.txt:n_dst_793/CMakeLists.txt:n_dst_750,a292d0d7fb34f714c51cef69f3fbdd874e285cc7_destination_def_61,PROPERTY,OUTPUT_NAME,True,False,False,False,PythonBin__CMakeLists.txt:n_dst_56,added,unquoted_argument,1117,1128,3,a292d0d7fb34f714c51cef69f3fbdd874e285cc7_destination_actor_95,[],['a292d0d7fb34f714c51cef69f3fbdd874e285cc7_destination_actor_92'],"set_target_properties(NatronPython PROPERTIES OUTPUT_NAME ""natron-python"")",[],0
CMakeLists.txt:n_dst_793/CMakeLists.txt:n_dst_750,a292d0d7fb34f714c51cef69f3fbdd874e285cc7_destination_def_62,DELIVERABLE,NatronPython,True,False,False,False,PythonBin__CMakeLists.txt:n_dst_67,added,unquoted_argument,1168,1180,3,a292d0d7fb34f714c51cef69f3fbdd874e285cc7_destination_actor_96,[],['a292d0d7fb34f714c51cef69f3fbdd874e285cc7_destination_actor_92'],target_link_libraries(NatronPython PRIVATE Python3::Python),['a292d0d7fb34f714c51cef69f3fbdd874e285cc7_destination_use_81'],0
CMakeLists.txt:n_dst_793/CMakeLists.txt:n_dst_750,a292d0d7fb34f714c51cef69f3fbdd874e285cc7_destination_def_63,DELIVERABLE,NatronPython,True,False,False,False,PythonBin__CMakeLists.txt:n_dst_78,added,unquoted_argument,1246,1258,3,a292d0d7fb34f714c51cef69f3fbdd874e285cc7_destination_actor_97,[],['a292d0d7fb34f714c51cef69f3fbdd874e285cc7_destination_actor_92'],target_include_directories(NatronPython PRIVATE .. ../Global),"['a292d0d7fb34f714c51cef69f3fbdd874e285cc7_destination_use_84', 'a292d0d7fb34f714c51cef69f3fbdd874e285cc7_destination_use_86']",0
CMakeLists.txt:n_dst_793/CMakeLists.txt:n_dst_750,a292d0d7fb34f714c51cef69f3fbdd874e285cc7_destination_def_64,VARIABLE,COREFOUNDATION_LIBRARY,True,False,False,False,PythonBin__CMakeLists.txt:n_dst_97,added,unquoted_argument,1329,1351,6,a292d0d7fb34f714c51cef69f3fbdd874e285cc7_destination_actor_99,['APPLE'],"['a292d0d7fb34f714c51cef69f3fbdd874e285cc7_destination_actor_92', 'a292d0d7fb34f714c51cef69f3fbdd874e285cc7_destination_actor_98']",find_library(COREFOUNDATION_LIBRARY CoreFoundation),['a292d0d7fb34f714c51cef69f3fbdd874e285cc7_destination_use_83'],0
CMakeLists.txt:n_dst_793/CMakeLists.txt:n_dst_750,a292d0d7fb34f714c51cef69f3fbdd874e285cc7_destination_def_65,DELIVERABLE,NatronPython,True,False,False,False,PythonBin__CMakeLists.txt:n_dst_106,added,unquoted_argument,1394,1406,6,a292d0d7fb34f714c51cef69f3fbdd874e285cc7_destination_actor_100,['APPLE'],"['a292d0d7fb34f714c51cef69f3fbdd874e285cc7_destination_actor_92', 'a292d0d7fb34f714c51cef69f3fbdd874e285cc7_destination_actor_98']",target_link_libraries(NatronPython PRIVATE ${COREFOUNDATION_LIBRARY}),['a292d0d7fb34f714c51cef69f3fbdd874e285cc7_destination_use_86'],0
CMakeLists.txt:n_dst_793/CMakeLists.txt:n_dst_757,a292d0d7fb34f714c51cef69f3fbdd874e285cc7_destination_def_66,VARIABLE,NatronRenderer_SOURCES,True,False,False,False,Renderer__CMakeLists.txt:n_dst_21,added,unquoted_argument,856,878,3,a292d0d7fb34f714c51cef69f3fbdd874e285cc7_destination_actor_103,[],['a292d0d7fb34f714c51cef69f3fbdd874e285cc7_destination_actor_102'],set(NatronRenderer_SOURCES NatronRenderer_main.cpp),"['a292d0d7fb34f714c51cef69f3fbdd874e285cc7_destination_use_88', 'a292d0d7fb34f714c51cef69f3fbdd874e285cc7_destination_use_89']",0
CMakeLists.txt:n_dst_793/CMakeLists.txt:n_dst_757,a292d0d7fb34f714c51cef69f3fbdd874e285cc7_destination_def_67,VARIABLE,NatronRenderer_SOURCES,True,False,False,False,Renderer__CMakeLists.txt:n_dst_38,added,unquoted_argument,932,954,6,a292d0d7fb34f714c51cef69f3fbdd874e285cc7_destination_actor_105,['WINDOWS'],"['a292d0d7fb34f714c51cef69f3fbdd874e285cc7_destination_actor_102', 'a292d0d7fb34f714c51cef69f3fbdd874e285cc7_destination_actor_104']",list(APPEND NatronRenderer_SOURCES ../Natron.rc),['a292d0d7fb34f714c51cef69f3fbdd874e285cc7_destination_use_89'],0
CMakeLists.txt:n_dst_793/CMakeLists.txt:n_dst_757,a292d0d7fb34f714c51cef69f3fbdd874e285cc7_destination_def_68,DELIVERABLE,NatronRenderer,True,False,False,False,Renderer__CMakeLists.txt:n_dst_55,added,unquoted_argument,992,1006,3,a292d0d7fb34f714c51cef69f3fbdd874e285cc7_destination_actor_106,[],['a292d0d7fb34f714c51cef69f3fbdd874e285cc7_destination_actor_102'],add_executable(NatronRenderer ${NatronRenderer_SOURCES}),['a292d0d7fb34f714c51cef69f3fbdd874e285cc7_destination_use_90'],0
CMakeLists.txt:n_dst_793/CMakeLists.txt:n_dst_757,a292d0d7fb34f714c51cef69f3fbdd874e285cc7_destination_def_69,DELIVERABLE,NatronRenderer,True,False,False,False,Renderer__CMakeLists.txt:n_dst_69,added,unquoted_argument,1056,1070,3,a292d0d7fb34f714c51cef69f3fbdd874e285cc7_destination_actor_107,[],['a292d0d7fb34f714c51cef69f3fbdd874e285cc7_destination_actor_102'],target_link_libraries(NatronRenderer PRIVATE NatronEngine Qt5::Core Qt5::Concurrent Qt5::Network Python3::Python),['a292d0d7fb34f714c51cef69f3fbdd874e285cc7_destination_use_91'],0
CMakeLists.txt:n_dst_793/CMakeLists.txt:n_dst_757,a292d0d7fb34f714c51cef69f3fbdd874e285cc7_destination_def_70,DELIVERABLE,NatronRenderer,True,False,False,False,Renderer__CMakeLists.txt:n_dst_88,added,unquoted_argument,1220,1234,3,a292d0d7fb34f714c51cef69f3fbdd874e285cc7_destination_actor_108,[],['a292d0d7fb34f714c51cef69f3fbdd874e285cc7_destination_actor_102'],target_include_directories(NatronRenderer PRIVATE .. ../Engine ../Global),['a292d0d7fb34f714c51cef69f3fbdd874e285cc7_destination_use_93'],0
CMakeLists.txt:n_dst_793/CMakeLists.txt:n_dst_764,a292d0d7fb34f714c51cef69f3fbdd874e285cc7_destination_def_71,VARIABLE,NatronEngine_HEADERS,True,False,False,False,Gui__CMakeLists.txt:n_dst_23,added,unquoted_argument,862,882,3,a292d0d7fb34f714c51cef69f3fbdd874e285cc7_destination_actor_111,[],['a292d0d7fb34f714c51cef69f3fbdd874e285cc7_destination_actor_110'],file(GLOB NatronEngine_HEADERS ../Engine/*.h),['a292d0d7fb34f714c51cef69f3fbdd874e285cc7_destination_use_124'],0
CMakeLists.txt:n_dst_793/CMakeLists.txt:n_dst_764,a292d0d7fb34f714c51cef69f3fbdd874e285cc7_destination_def_72,VARIABLE,NatronGui_HEADERS,True,False,False,False,Gui__CMakeLists.txt:n_dst_34,added,unquoted_argument,908,925,3,a292d0d7fb34f714c51cef69f3fbdd874e285cc7_destination_actor_112,[],['a292d0d7fb34f714c51cef69f3fbdd874e285cc7_destination_actor_110'],file(GLOB NatronGui_HEADERS *.h),"['a292d0d7fb34f714c51cef69f3fbdd874e285cc7_destination_use_125', 'a292d0d7fb34f714c51cef69f3fbdd874e285cc7_destination_use_133']",0
CMakeLists.txt:n_dst_793/CMakeLists.txt:n_dst_764,a292d0d7fb34f714c51cef69f3fbdd874e285cc7_destination_def_73,VARIABLE,NatronGui_SOURCES,True,False,False,False,Gui__CMakeLists.txt:n_dst_45,added,unquoted_argument,941,958,3,a292d0d7fb34f714c51cef69f3fbdd874e285cc7_destination_actor_113,[],['a292d0d7fb34f714c51cef69f3fbdd874e285cc7_destination_actor_110'],file(GLOB NatronGui_SOURCES *.cpp),"['a292d0d7fb34f714c51cef69f3fbdd874e285cc7_destination_use_129', 'a292d0d7fb34f714c51cef69f3fbdd874e285cc7_destination_use_130', 'a292d0d7fb34f714c51cef69f3fbdd874e285cc7_destination_use_132']",0
CMakeLists.txt:n_dst_793/CMakeLists.txt:n_dst_764,a292d0d7fb34f714c51cef69f3fbdd874e285cc7_destination_def_74,VARIABLE,PYGUI_OUT,True,False,False,False,Gui__CMakeLists.txt:n_dst_54,added,unquoted_argument,971,980,3,a292d0d7fb34f714c51cef69f3fbdd874e285cc7_destination_actor_114,[],['a292d0d7fb34f714c51cef69f3fbdd874e285cc7_destination_actor_110'],set(PYGUI_OUT ${CMAKE_CURRENT_BINARY_DIR}/Qt${QT_VERSION_MAJOR}),"['a292d0d7fb34f714c51cef69f3fbdd874e285cc7_destination_use_110', 'a292d0d7fb34f714c51cef69f3fbdd874e285cc7_destination_use_116', 'a292d0d7fb34f714c51cef69f3fbdd874e285cc7_destination_use_122']",0
CMakeLists.txt:n_dst_793/CMakeLists.txt:n_dst_764,a292d0d7fb34f714c51cef69f3fbdd874e285cc7_destination_def_75,VARIABLE,PYGUI_INCLUDE_DIRS,True,False,False,False,Gui__CMakeLists.txt:n_dst_75,added,unquoted_argument,1036,1054,3,a292d0d7fb34f714c51cef69f3fbdd874e285cc7_destination_actor_115,[],['a292d0d7fb34f714c51cef69f3fbdd874e285cc7_destination_actor_110'],set(PYGUI_INCLUDE_DIRS . .. ../Engine ../Global ../libs/OpenFX/include),['a292d0d7fb34f714c51cef69f3fbdd874e285cc7_destination_use_100'],0
CMakeLists.txt:n_dst_793/CMakeLists.txt:n_dst_764,a292d0d7fb34f714c51cef69f3fbdd874e285cc7_destination_def_76,VARIABLE,PYGUI_INCLUDE_DIRS,True,False,False,False,Gui__CMakeLists.txt:n_dst_94,added,unquoted_argument,1116,1134,3,a292d0d7fb34f714c51cef69f3fbdd874e285cc7_destination_actor_116,[],['a292d0d7fb34f714c51cef69f3fbdd874e285cc7_destination_actor_110'],list(APPEND PYGUI_INCLUDE_DIRS ${PYSIDE_INCLUDE_DIRS} ${PYSIDE_INCLUDE_DIRS}/QtCore ${PYSIDE_INCLUDE_DIRS}/QtGui ${PYSIDE_INCLUDE_DIRS}/QtWidgets),['a292d0d7fb34f714c51cef69f3fbdd874e285cc7_destination_use_106'],0
CMakeLists.txt:n_dst_793/CMakeLists.txt:n_dst_764,a292d0d7fb34f714c51cef69f3fbdd874e285cc7_destination_def_77,VARIABLE,PYGUI_INCLUDE_DIRS,True,False,False,False,Gui__CMakeLists.txt:n_dst_134,added,unquoted_argument,1267,1285,3,a292d0d7fb34f714c51cef69f3fbdd874e285cc7_destination_actor_117,[],['a292d0d7fb34f714c51cef69f3fbdd874e285cc7_destination_actor_110'],list(APPEND PYGUI_INCLUDE_DIRS ${QTCORE_INCLUDE_DIRS} ${QTGUI_INCLUDE_DIRS} ${QTWIDGETS_INCLUDE_DIRS} ${Python3_INCLUDE_DIRS} ${Boost_INCLUDE_DIRS}),['a292d0d7fb34f714c51cef69f3fbdd874e285cc7_destination_use_107'],0
CMakeLists.txt:n_dst_793/CMakeLists.txt:n_dst_764,a292d0d7fb34f714c51cef69f3fbdd874e285cc7_destination_def_78,VARIABLE,PYGUI_INCLUDE_DIRS,True,False,False,False,Gui__CMakeLists.txt:n_dst_178,added,unquoted_argument,1423,1441,3,a292d0d7fb34f714c51cef69f3fbdd874e285cc7_destination_actor_118,[],['a292d0d7fb34f714c51cef69f3fbdd874e285cc7_destination_actor_110'],"list(TRANSFORM PYGUI_INCLUDE_DIRS PREPEND ""-I"" OUTPUT_VARIABLE PYGUI_INCS)",[],0
CMakeLists.txt:n_dst_793/CMakeLists.txt:n_dst_764,a292d0d7fb34f714c51cef69f3fbdd874e285cc7_destination_def_79,VARIABLE,PYGUI_HEADER,True,False,False,False,Gui__CMakeLists.txt:n_dst_195,added,unquoted_argument,1487,1499,3,a292d0d7fb34f714c51cef69f3fbdd874e285cc7_destination_actor_119,[],['a292d0d7fb34f714c51cef69f3fbdd874e285cc7_destination_actor_110'],set(PYGUI_HEADER PySide2_Gui_Python.h),"['a292d0d7fb34f714c51cef69f3fbdd874e285cc7_destination_use_111', 'a292d0d7fb34f714c51cef69f3fbdd874e285cc7_destination_use_123']",0
CMakeLists.txt:n_dst_793/CMakeLists.txt:n_dst_764,a292d0d7fb34f714c51cef69f3fbdd874e285cc7_destination_def_80,VARIABLE,POST_SHIBOKEN,True,False,False,False,Gui__CMakeLists.txt:n_dst_204,added,unquoted_argument,1526,1539,3,a292d0d7fb34f714c51cef69f3fbdd874e285cc7_destination_actor_120,[],['a292d0d7fb34f714c51cef69f3fbdd874e285cc7_destination_actor_110'],set(POST_SHIBOKEN ../tools/utils/runPostShiboken2.sh),"['a292d0d7fb34f714c51cef69f3fbdd874e285cc7_destination_use_121', 'a292d0d7fb34f714c51cef69f3fbdd874e285cc7_destination_use_126']",0
CMakeLists.txt:n_dst_793/CMakeLists.txt:n_dst_764,a292d0d7fb34f714c51cef69f3fbdd874e285cc7_destination_def_81,VARIABLE,shiboken_args,True,False,False,False,Gui__CMakeLists.txt:n_dst_213,added,unquoted_argument,1581,1594,3,a292d0d7fb34f714c51cef69f3fbdd874e285cc7_destination_actor_121,[],['a292d0d7fb34f714c51cef69f3fbdd874e285cc7_destination_actor_110'],"set(shiboken_args ""--enable-parent-ctor-heuristic"" ""--use-isnull-as-nb_nonzero"" ""--avoid-protected-hack"" ""--enable-pyside-extensions"" ${PYGUI_INCS} ""-T../Engine"" ""-T${PYSIDE_TYPESYSTEMS}"" ""--output-directory=${PYGUI_OUT}"" ""${PYGUI_HEADER}"" ""typesystem_natronGui.xml"")","['a292d0d7fb34f714c51cef69f3fbdd874e285cc7_destination_use_114', 'a292d0d7fb34f714c51cef69f3fbdd874e285cc7_destination_use_120']",0
CMakeLists.txt:n_dst_793/CMakeLists.txt:n_dst_764,a292d0d7fb34f714c51cef69f3fbdd874e285cc7_destination_def_82,VARIABLE,shiboken_args,True,False,False,False,Gui__CMakeLists.txt:n_dst_288,added,unquoted_argument,1890,1903,6,a292d0d7fb34f714c51cef69f3fbdd874e285cc7_destination_actor_123,['APPLE'],"['a292d0d7fb34f714c51cef69f3fbdd874e285cc7_destination_actor_110', 'a292d0d7fb34f714c51cef69f3fbdd874e285cc7_destination_actor_122']",list(APPEND shiboken_args -I${Qt5_DIR}/../../../include),['a292d0d7fb34f714c51cef69f3fbdd874e285cc7_destination_use_120'],0
CMakeLists.txt:n_dst_793/CMakeLists.txt:n_dst_764,a292d0d7fb34f714c51cef69f3fbdd874e285cc7_destination_def_83,VARIABLE,PyGui_SOURCES,True,False,False,False,Gui__CMakeLists.txt:n_dst_343,added,unquoted_argument,2127,2140,3,a292d0d7fb34f714c51cef69f3fbdd874e285cc7_destination_actor_124,[],['a292d0d7fb34f714c51cef69f3fbdd874e285cc7_destination_actor_110'],execute_process(COMMAND ${Python3_EXECUTABLE} ../tools/utils/sourceList.py typesystem_natronGui.xml ${PYGUI_OUT} WORKING_DIRECTORY ${CMAKE_CURRENT_SOURCE_DIR} OUTPUT_VARIABLE PyGui_SOURCES),"['a292d0d7fb34f714c51cef69f3fbdd874e285cc7_destination_use_118', 'a292d0d7fb34f714c51cef69f3fbdd874e285cc7_destination_use_119', 'a292d0d7fb34f714c51cef69f3fbdd874e285cc7_destination_use_131']",0
CMakeLists.txt:n_dst_793/CMakeLists.txt:n_dst_764,a292d0d7fb34f714c51cef69f3fbdd874e285cc7_destination_def_84,PROPERTY,SKIP_AUTOGEN,True,False,False,False,Gui__CMakeLists.txt:n_dst_361,added,unquoted_argument,2188,2200,3,a292d0d7fb34f714c51cef69f3fbdd874e285cc7_destination_actor_125,[],['a292d0d7fb34f714c51cef69f3fbdd874e285cc7_destination_actor_110'],set_property(SOURCE ${PyGui_SOURCES} PROPERTY SKIP_AUTOGEN ON),[],0
CMakeLists.txt:n_dst_793/CMakeLists.txt:n_dst_764,a292d0d7fb34f714c51cef69f3fbdd874e285cc7_destination_def_85,VARIABLE,NatronGui_SOURCES,True,False,False,False,Gui__CMakeLists.txt:n_dst_465,added,unquoted_argument,2558,2575,6,a292d0d7fb34f714c51cef69f3fbdd874e285cc7_destination_actor_128,['APPLE'],"['a292d0d7fb34f714c51cef69f3fbdd874e285cc7_destination_actor_110', 'a292d0d7fb34f714c51cef69f3fbdd874e285cc7_destination_actor_127']",list(APPEND NatronGui_SOURCES QtMac.mm TaskBarMac.mm),"['a292d0d7fb34f714c51cef69f3fbdd874e285cc7_destination_use_130', 'a292d0d7fb34f714c51cef69f3fbdd874e285cc7_destination_use_132']",0
CMakeLists.txt:n_dst_793/CMakeLists.txt:n_dst_764,a292d0d7fb34f714c51cef69f3fbdd874e285cc7_destination_def_86,VARIABLE,NatronGui_SOURCES,True,False,False,False,Gui__CMakeLists.txt:n_dst_486,added,unquoted_argument,2621,2638,3,a292d0d7fb34f714c51cef69f3fbdd874e285cc7_destination_actor_129,[],['a292d0d7fb34f714c51cef69f3fbdd874e285cc7_destination_actor_110'],list(APPEND NatronGui_SOURCES ${NatronGui_SOURCES} ${PyGui_SOURCES} GuiResources.qrc),['a292d0d7fb34f714c51cef69f3fbdd874e285cc7_destination_use_134'],0
CMakeLists.txt:n_dst_793/CMakeLists.txt:n_dst_764,a292d0d7fb34f714c51cef69f3fbdd874e285cc7_destination_def_87,DELIVERABLE,NatronGui,True,False,False,False,Gui__CMakeLists.txt:n_dst_509,added,unquoted_argument,2720,2729,3,a292d0d7fb34f714c51cef69f3fbdd874e285cc7_destination_actor_130,[],['a292d0d7fb34f714c51cef69f3fbdd874e285cc7_destination_actor_110'],add_library(NatronGui STATIC ${NatronGui_HEADERS} ${NatronGui_SOURCES}),['a292d0d7fb34f714c51cef69f3fbdd874e285cc7_destination_use_135'],0
CMakeLists.txt:n_dst_793/CMakeLists.txt:n_dst_764,a292d0d7fb34f714c51cef69f3fbdd874e285cc7_destination_def_88,DELIVERABLE,NatronGui,True,False,False,False,Gui__CMakeLists.txt:n_dst_532,added,unquoted_argument,2802,2811,3,a292d0d7fb34f714c51cef69f3fbdd874e285cc7_destination_actor_131,[],['a292d0d7fb34f714c51cef69f3fbdd874e285cc7_destination_actor_110'],target_link_libraries(NatronGui PUBLIC Shiboken2::libshiboken PySide2::pyside2 Qt5::Core Qt5::Concurrent Qt5::Network Qt5::Gui Qt5::Widgets Python3::Module NatronEngine PRIVATE qhttpserver),['a292d0d7fb34f714c51cef69f3fbdd874e285cc7_destination_use_141'],0
CMakeLists.txt:n_dst_793/CMakeLists.txt:n_dst_764,a292d0d7fb34f714c51cef69f3fbdd874e285cc7_destination_def_89,DELIVERABLE,NatronGui,True,False,False,False,Gui__CMakeLists.txt:n_dst_563,added,unquoted_argument,3086,3095,3,a292d0d7fb34f714c51cef69f3fbdd874e285cc7_destination_actor_132,[],['a292d0d7fb34f714c51cef69f3fbdd874e285cc7_destination_actor_110'],target_include_directories(NatronGui PRIVATE ${PYSIDE_INCLUDE_DIRS}/QtCore ${PYSIDE_INCLUDE_DIRS}/QtGui ${PYSIDE_INCLUDE_DIRS}/QtWidgets . .. ../Engine ../Global ../libs/SequenceParsing ../libs/qhttpserver/src ${CMAKE_BINARY_DIR}/Engine/Qt${QT_VERSION_MAJOR}/NatronEngine),['a292d0d7fb34f714c51cef69f3fbdd874e285cc7_destination_use_143'],0
CMakeLists.txt:n_dst_793/CMakeLists.txt:n_dst_764,a292d0d7fb34f714c51cef69f3fbdd874e285cc7_destination_def_90,DELIVERABLE,NatronGui,True,False,False,False,Gui__CMakeLists.txt:n_dst_623,added,unquoted_argument,3444,3453,3,a292d0d7fb34f714c51cef69f3fbdd874e285cc7_destination_actor_133,[],['a292d0d7fb34f714c51cef69f3fbdd874e285cc7_destination_actor_110'],target_compile_definitions(NatronGui PRIVATE NATRON_CUSTOM_BUILD_USER_TOKEN=${BUILD_USER_NAME} NATRON_BUILD_NUMBER=0 QT_NO_KEYWORDS),[],0
CMakeLists.txt:n_dst_793/CMakeLists.txt:n_dst_777,a292d0d7fb34f714c51cef69f3fbdd874e285cc7_destination_def_91,VARIABLE,Tests_HEADERS,True,False,False,False,Tests__CMakeLists.txt:n_dst_21,added,unquoted_argument,856,869,3,a292d0d7fb34f714c51cef69f3fbdd874e285cc7_destination_actor_136,['NATRON_BUILD_TESTS'],"['a292d0d7fb34f714c51cef69f3fbdd874e285cc7_destination_actor_134', 'a292d0d7fb34f714c51cef69f3fbdd874e285cc7_destination_actor_135']",set(Tests_HEADERS BaseTest.h),['a292d0d7fb34f714c51cef69f3fbdd874e285cc7_destination_use_145'],0
CMakeLists.txt:n_dst_793/CMakeLists.txt:n_dst_777,a292d0d7fb34f714c51cef69f3fbdd874e285cc7_destination_def_92,VARIABLE,Tests_SOURCES,True,False,False,False,Tests__CMakeLists.txt:n_dst_30,added,unquoted_argument,886,899,3,a292d0d7fb34f714c51cef69f3fbdd874e285cc7_destination_actor_137,['NATRON_BUILD_TESTS'],"['a292d0d7fb34f714c51cef69f3fbdd874e285cc7_destination_actor_134', 'a292d0d7fb34f714c51cef69f3fbdd874e285cc7_destination_actor_135']",set(Tests_SOURCES google-test/src/gtest-all.cc google-mock/src/gmock-all.cc BaseTest.cpp Curve_Test.cpp FileSystemModel_Test.cpp Hash64_Test.cpp Image_Test.cpp KnobFile_Test.cpp Lut_Test.cpp OSGLContext_Test.cpp Tracker_Test.cpp wmain.cpp),['a292d0d7fb34f714c51cef69f3fbdd874e285cc7_destination_use_146'],0
CMakeLists.txt:n_dst_793/CMakeLists.txt:n_dst_777,a292d0d7fb34f714c51cef69f3fbdd874e285cc7_destination_def_93,DELIVERABLE,Tests,True,False,False,False,Tests__CMakeLists.txt:n_dst_61,added,unquoted_argument,1186,1191,3,a292d0d7fb34f714c51cef69f3fbdd874e285cc7_destination_actor_138,['NATRON_BUILD_TESTS'],"['a292d0d7fb34f714c51cef69f3fbdd874e285cc7_destination_actor_134', 'a292d0d7fb34f714c51cef69f3fbdd874e285cc7_destination_actor_135']",add_executable(Tests ${Tests_HEADERS} ${Tests_SOURCES}),['a292d0d7fb34f714c51cef69f3fbdd874e285cc7_destination_use_147'],0
CMakeLists.txt:n_dst_793/CMakeLists.txt:n_dst_777,a292d0d7fb34f714c51cef69f3fbdd874e285cc7_destination_def_94,DELIVERABLE,Tests,True,False,False,False,Tests__CMakeLists.txt:n_dst_82,added,unquoted_argument,1249,1254,3,a292d0d7fb34f714c51cef69f3fbdd874e285cc7_destination_actor_139,['NATRON_BUILD_TESTS'],"['a292d0d7fb34f714c51cef69f3fbdd874e285cc7_destination_actor_134', 'a292d0d7fb34f714c51cef69f3fbdd874e285cc7_destination_actor_135']",target_link_libraries(Tests PRIVATE NatronEngine Qt5::Core Python3::Python openMVG),['a292d0d7fb34f714c51cef69f3fbdd874e285cc7_destination_use_148'],0
CMakeLists.txt:n_dst_793/CMakeLists.txt:n_dst_777,a292d0d7fb34f714c51cef69f3fbdd874e285cc7_destination_def_95,DELIVERABLE,Tests,True,False,False,False,Tests__CMakeLists.txt:n_dst_99,added,unquoted_argument,1375,1380,3,a292d0d7fb34f714c51cef69f3fbdd874e285cc7_destination_actor_140,['NATRON_BUILD_TESTS'],"['a292d0d7fb34f714c51cef69f3fbdd874e285cc7_destination_actor_134', 'a292d0d7fb34f714c51cef69f3fbdd874e285cc7_destination_actor_135']",target_include_directories(Tests PRIVATE .. ../libs/SequenceParsing google-test/include google-test google-mock/include google-mock),[],0
CMakeLists.txt:n_dst_793/CMakeLists.txt:n_dst_777,a292d0d7fb34f714c51cef69f3fbdd874e285cc7_destination_def_96,TEST,Tests,True,False,False,False,Tests__CMakeLists.txt:n_dst_122,added,unquoted_argument,1548,1553,3,a292d0d7fb34f714c51cef69f3fbdd874e285cc7_destination_actor_141,['NATRON_BUILD_TESTS'],"['a292d0d7fb34f714c51cef69f3fbdd874e285cc7_destination_actor_134', 'a292d0d7fb34f714c51cef69f3fbdd874e285cc7_destination_actor_135']",add_test(NAME Tests COMMAND Tests),[],0
CMakeLists.txt:n_dst_793/CMakeLists.txt:n_dst_792,a292d0d7fb34f714c51cef69f3fbdd874e285cc7_destination_def_97,VARIABLE,Natron_SOURCES,True,False,False,False,App__CMakeLists.txt:n_dst_21,added,unquoted_argument,856,870,3,a292d0d7fb34f714c51cef69f3fbdd874e285cc7_destination_actor_143,[],['a292d0d7fb34f714c51cef69f3fbdd874e285cc7_destination_actor_142'],set(Natron_SOURCES NatronApp_main.cpp),"['a292d0d7fb34f714c51cef69f3fbdd874e285cc7_destination_use_150', 'a292d0d7fb34f714c51cef69f3fbdd874e285cc7_destination_use_151']",0
CMakeLists.txt:n_dst_793/CMakeLists.txt:n_dst_792,a292d0d7fb34f714c51cef69f3fbdd874e285cc7_destination_def_98,VARIABLE,Natron_SOURCES,True,False,False,False,App__CMakeLists.txt:n_dst_38,added,unquoted_argument,919,933,6,a292d0d7fb34f714c51cef69f3fbdd874e285cc7_destination_actor_145,['WINDOWS'],"['a292d0d7fb34f714c51cef69f3fbdd874e285cc7_destination_actor_142', 'a292d0d7fb34f714c51cef69f3fbdd874e285cc7_destination_actor_144']",list(APPEND Natron_SOURCES ../Natron.rc),['a292d0d7fb34f714c51cef69f3fbdd874e285cc7_destination_use_151'],0
CMakeLists.txt:n_dst_793/CMakeLists.txt:n_dst_792,a292d0d7fb34f714c51cef69f3fbdd874e285cc7_destination_def_99,DELIVERABLE,Natron,True,False,False,False,App__CMakeLists.txt:n_dst_55,added,unquoted_argument,971,977,3,a292d0d7fb34f714c51cef69f3fbdd874e285cc7_destination_actor_146,[],['a292d0d7fb34f714c51cef69f3fbdd874e285cc7_destination_actor_142'],add_executable(Natron ${Natron_SOURCES}),"['a292d0d7fb34f714c51cef69f3fbdd874e285cc7_destination_use_160', 'a292d0d7fb34f714c51cef69f3fbdd874e285cc7_destination_use_161']",0
CMakeLists.txt:n_dst_793/CMakeLists.txt:n_dst_792,a292d0d7fb34f714c51cef69f3fbdd874e285cc7_destination_def_100,DELIVERABLE,Natron,True,False,False,False,App__CMakeLists.txt:n_dst_75,added,unquoted_argument,1033,1039,6,a292d0d7fb34f714c51cef69f3fbdd874e285cc7_destination_actor_148,['APPLE'],"['a292d0d7fb34f714c51cef69f3fbdd874e285cc7_destination_actor_142', 'a292d0d7fb34f714c51cef69f3fbdd874e285cc7_destination_actor_147']","set_target_properties(Natron PROPERTIES MACOSX_BUNDLE TRUE MACOSX_BUNDLE_BUNDLE_NAME ""${PROJECT_NAME}"" MACOSX_BUNDLE_INFO_STRING ""${PROJECT_NAME}Copyright (c) 2023 The Natron Developers"" MACOSX_BUNDLE_ICON_FILE Icon.icns MACOSX_BUNDLE_GUI_IDENTIFIER ""${PROJECT_NAME}"" MACOSX_BUNDLE_LONG_VERSION_STRING ""${PROJECT_VERSION}"" MACOSX_BUNDLE_SHORT_VERSION_STRING ""${PROJECT_VERSION_MAJOR}.${PROJECT_VERSION_MINOR}"" MACOSX_BUNDLE_BUNDLE_VERSION ""${PROJECT_VERSION}"" MACOSX_BUNDLE_COPYRIGHT ""Copyright (c) 2023 The Natron Developers"")",['a292d0d7fb34f714c51cef69f3fbdd874e285cc7_destination_use_161'],0
CMakeLists.txt:n_dst_793/CMakeLists.txt:n_dst_792,a292d0d7fb34f714c51cef69f3fbdd874e285cc7_destination_def_101,PROPERTY,MACOSX_BUNDLE,True,False,False,False,App__CMakeLists.txt:n_dst_79,added,unquoted_argument,1059,1072,6,a292d0d7fb34f714c51cef69f3fbdd874e285cc7_destination_actor_148,['APPLE'],"['a292d0d7fb34f714c51cef69f3fbdd874e285cc7_destination_actor_142', 'a292d0d7fb34f714c51cef69f3fbdd874e285cc7_destination_actor_147']","set_target_properties(Natron PROPERTIES MACOSX_BUNDLE TRUE MACOSX_BUNDLE_BUNDLE_NAME ""${PROJECT_NAME}"" MACOSX_BUNDLE_INFO_STRING ""${PROJECT_NAME}Copyright (c) 2023 The Natron Developers"" MACOSX_BUNDLE_ICON_FILE Icon.icns MACOSX_BUNDLE_GUI_IDENTIFIER ""${PROJECT_NAME}"" MACOSX_BUNDLE_LONG_VERSION_STRING ""${PROJECT_VERSION}"" MACOSX_BUNDLE_SHORT_VERSION_STRING ""${PROJECT_VERSION_MAJOR}.${PROJECT_VERSION_MINOR}"" MACOSX_BUNDLE_BUNDLE_VERSION ""${PROJECT_VERSION}"" MACOSX_BUNDLE_COPYRIGHT ""Copyright (c) 2023 The Natron Developers"")",[],0
CMakeLists.txt:n_dst_793/CMakeLists.txt:n_dst_792,a292d0d7fb34f714c51cef69f3fbdd874e285cc7_destination_def_102,PROPERTY,MACOSX_BUNDLE_BUNDLE_NAME,True,False,False,False,App__CMakeLists.txt:n_dst_83,added,unquoted_argument,1086,1111,6,a292d0d7fb34f714c51cef69f3fbdd874e285cc7_destination_actor_148,['APPLE'],"['a292d0d7fb34f714c51cef69f3fbdd874e285cc7_destination_actor_142', 'a292d0d7fb34f714c51cef69f3fbdd874e285cc7_destination_actor_147']","set_target_properties(Natron PROPERTIES MACOSX_BUNDLE TRUE MACOSX_BUNDLE_BUNDLE_NAME ""${PROJECT_NAME}"" MACOSX_BUNDLE_INFO_STRING ""${PROJECT_NAME}Copyright (c) 2023 The Natron Developers"" MACOSX_BUNDLE_ICON_FILE Icon.icns MACOSX_BUNDLE_GUI_IDENTIFIER ""${PROJECT_NAME}"" MACOSX_BUNDLE_LONG_VERSION_STRING ""${PROJECT_VERSION}"" MACOSX_BUNDLE_SHORT_VERSION_STRING ""${PROJECT_VERSION_MAJOR}.${PROJECT_VERSION_MINOR}"" MACOSX_BUNDLE_BUNDLE_VERSION ""${PROJECT_VERSION}"" MACOSX_BUNDLE_COPYRIGHT ""Copyright (c) 2023 The Natron Developers"")",[],0
CMakeLists.txt:n_dst_793/CMakeLists.txt:n_dst_792,a292d0d7fb34f714c51cef69f3fbdd874e285cc7_destination_def_103,PROPERTY,MACOSX_BUNDLE_INFO_STRING,True,False,False,False,App__CMakeLists.txt:n_dst_94,added,unquoted_argument,1138,1163,6,a292d0d7fb34f714c51cef69f3fbdd874e285cc7_destination_actor_148,['APPLE'],"['a292d0d7fb34f714c51cef69f3fbdd874e285cc7_destination_actor_142', 'a292d0d7fb34f714c51cef69f3fbdd874e285cc7_destination_actor_147']","set_target_properties(Natron PROPERTIES MACOSX_BUNDLE TRUE MACOSX_BUNDLE_BUNDLE_NAME ""${PROJECT_NAME}"" MACOSX_BUNDLE_INFO_STRING ""${PROJECT_NAME}Copyright (c) 2023 The Natron Developers"" MACOSX_BUNDLE_ICON_FILE Icon.icns MACOSX_BUNDLE_GUI_IDENTIFIER ""${PROJECT_NAME}"" MACOSX_BUNDLE_LONG_VERSION_STRING ""${PROJECT_VERSION}"" MACOSX_BUNDLE_SHORT_VERSION_STRING ""${PROJECT_VERSION_MAJOR}.${PROJECT_VERSION_MINOR}"" MACOSX_BUNDLE_BUNDLE_VERSION ""${PROJECT_VERSION}"" MACOSX_BUNDLE_COPYRIGHT ""Copyright (c) 2023 The Natron Developers"")",[],0
CMakeLists.txt:n_dst_793/CMakeLists.txt:n_dst_792,a292d0d7fb34f714c51cef69f3fbdd874e285cc7_destination_def_104,PROPERTY,MACOSX_BUNDLE_ICON_FILE,True,False,False,False,App__CMakeLists.txt:n_dst_106,added,unquoted_argument,1231,1254,6,a292d0d7fb34f714c51cef69f3fbdd874e285cc7_destination_actor_148,['APPLE'],"['a292d0d7fb34f714c51cef69f3fbdd874e285cc7_destination_actor_142', 'a292d0d7fb34f714c51cef69f3fbdd874e285cc7_destination_actor_147']","set_target_properties(Natron PROPERTIES MACOSX_BUNDLE TRUE MACOSX_BUNDLE_BUNDLE_NAME ""${PROJECT_NAME}"" MACOSX_BUNDLE_INFO_STRING ""${PROJECT_NAME}Copyright (c) 2023 The Natron Developers"" MACOSX_BUNDLE_ICON_FILE Icon.icns MACOSX_BUNDLE_GUI_IDENTIFIER ""${PROJECT_NAME}"" MACOSX_BUNDLE_LONG_VERSION_STRING ""${PROJECT_VERSION}"" MACOSX_BUNDLE_SHORT_VERSION_STRING ""${PROJECT_VERSION_MAJOR}.${PROJECT_VERSION_MINOR}"" MACOSX_BUNDLE_BUNDLE_VERSION ""${PROJECT_VERSION}"" MACOSX_BUNDLE_COPYRIGHT ""Copyright (c) 2023 The Natron Developers"")",[],0
CMakeLists.txt:n_dst_793/CMakeLists.txt:n_dst_792,a292d0d7fb34f714c51cef69f3fbdd874e285cc7_destination_def_105,PROPERTY,MACOSX_BUNDLE_GUI_IDENTIFIER,True,False,False,False,App__CMakeLists.txt:n_dst_110,added,unquoted_argument,1273,1301,6,a292d0d7fb34f714c51cef69f3fbdd874e285cc7_destination_actor_148,['APPLE'],"['a292d0d7fb34f714c51cef69f3fbdd874e285cc7_destination_actor_142', 'a292d0d7fb34f714c51cef69f3fbdd874e285cc7_destination_actor_147']","set_target_properties(Natron PROPERTIES MACOSX_BUNDLE TRUE MACOSX_BUNDLE_BUNDLE_NAME ""${PROJECT_NAME}"" MACOSX_BUNDLE_INFO_STRING ""${PROJECT_NAME}Copyright (c) 2023 The Natron Developers"" MACOSX_BUNDLE_ICON_FILE Icon.icns MACOSX_BUNDLE_GUI_IDENTIFIER ""${PROJECT_NAME}"" MACOSX_BUNDLE_LONG_VERSION_STRING ""${PROJECT_VERSION}"" MACOSX_BUNDLE_SHORT_VERSION_STRING ""${PROJECT_VERSION_MAJOR}.${PROJECT_VERSION_MINOR}"" MACOSX_BUNDLE_BUNDLE_VERSION ""${PROJECT_VERSION}"" MACOSX_BUNDLE_COPYRIGHT ""Copyright (c) 2023 The Natron Developers"")",[],0
CMakeLists.txt:n_dst_793/CMakeLists.txt:n_dst_792,a292d0d7fb34f714c51cef69f3fbdd874e285cc7_destination_def_106,PROPERTY,MACOSX_BUNDLE_LONG_VERSION_STRING,True,False,False,False,App__CMakeLists.txt:n_dst_121,added,unquoted_argument,1328,1361,6,a292d0d7fb34f714c51cef69f3fbdd874e285cc7_destination_actor_148,['APPLE'],"['a292d0d7fb34f714c51cef69f3fbdd874e285cc7_destination_actor_142', 'a292d0d7fb34f714c51cef69f3fbdd874e285cc7_destination_actor_147']","set_target_properties(Natron PROPERTIES MACOSX_BUNDLE TRUE MACOSX_BUNDLE_BUNDLE_NAME ""${PROJECT_NAME}"" MACOSX_BUNDLE_INFO_STRING ""${PROJECT_NAME}Copyright (c) 2023 The Natron Developers"" MACOSX_BUNDLE_ICON_FILE Icon.icns MACOSX_BUNDLE_GUI_IDENTIFIER ""${PROJECT_NAME}"" MACOSX_BUNDLE_LONG_VERSION_STRING ""${PROJECT_VERSION}"" MACOSX_BUNDLE_SHORT_VERSION_STRING ""${PROJECT_VERSION_MAJOR}.${PROJECT_VERSION_MINOR}"" MACOSX_BUNDLE_BUNDLE_VERSION ""${PROJECT_VERSION}"" MACOSX_BUNDLE_COPYRIGHT ""Copyright (c) 2023 The Natron Developers"")",[],0
CMakeLists.txt:n_dst_793/CMakeLists.txt:n_dst_792,a292d0d7fb34f714c51cef69f3fbdd874e285cc7_destination_def_107,PROPERTY,MACOSX_BUNDLE_SHORT_VERSION_STRING,True,False,False,False,App__CMakeLists.txt:n_dst_132,added,unquoted_argument,1391,1425,6,a292d0d7fb34f714c51cef69f3fbdd874e285cc7_destination_actor_148,['APPLE'],"['a292d0d7fb34f714c51cef69f3fbdd874e285cc7_destination_actor_142', 'a292d0d7fb34f714c51cef69f3fbdd874e285cc7_destination_actor_147']","set_target_properties(Natron PROPERTIES MACOSX_BUNDLE TRUE MACOSX_BUNDLE_BUNDLE_NAME ""${PROJECT_NAME}"" MACOSX_BUNDLE_INFO_STRING ""${PROJECT_NAME}Copyright (c) 2023 The Natron Developers"" MACOSX_BUNDLE_ICON_FILE Icon.icns MACOSX_BUNDLE_GUI_IDENTIFIER ""${PROJECT_NAME}"" MACOSX_BUNDLE_LONG_VERSION_STRING ""${PROJECT_VERSION}"" MACOSX_BUNDLE_SHORT_VERSION_STRING ""${PROJECT_VERSION_MAJOR}.${PROJECT_VERSION_MINOR}"" MACOSX_BUNDLE_BUNDLE_VERSION ""${PROJECT_VERSION}"" MACOSX_BUNDLE_COPYRIGHT ""Copyright (c) 2023 The Natron Developers"")",[],0
CMakeLists.txt:n_dst_793/CMakeLists.txt:n_dst_792,a292d0d7fb34f714c51cef69f3fbdd874e285cc7_destination_def_108,PROPERTY,MACOSX_BUNDLE_BUNDLE_VERSION,True,False,False,False,App__CMakeLists.txt:n_dst_150,added,unquoted_argument,1486,1514,6,a292d0d7fb34f714c51cef69f3fbdd874e285cc7_destination_actor_148,['APPLE'],"['a292d0d7fb34f714c51cef69f3fbdd874e285cc7_destination_actor_142', 'a292d0d7fb34f714c51cef69f3fbdd874e285cc7_destination_actor_147']","set_target_properties(Natron PROPERTIES MACOSX_BUNDLE TRUE MACOSX_BUNDLE_BUNDLE_NAME ""${PROJECT_NAME}"" MACOSX_BUNDLE_INFO_STRING ""${PROJECT_NAME}Copyright (c) 2023 The Natron Developers"" MACOSX_BUNDLE_ICON_FILE Icon.icns MACOSX_BUNDLE_GUI_IDENTIFIER ""${PROJECT_NAME}"" MACOSX_BUNDLE_LONG_VERSION_STRING ""${PROJECT_VERSION}"" MACOSX_BUNDLE_SHORT_VERSION_STRING ""${PROJECT_VERSION_MAJOR}.${PROJECT_VERSION_MINOR}"" MACOSX_BUNDLE_BUNDLE_VERSION ""${PROJECT_VERSION}"" MACOSX_BUNDLE_COPYRIGHT ""Copyright (c) 2023 The Natron Developers"")",[],0
CMakeLists.txt:n_dst_793/CMakeLists.txt:n_dst_792,a292d0d7fb34f714c51cef69f3fbdd874e285cc7_destination_def_109,PROPERTY,MACOSX_BUNDLE_COPYRIGHT,True,False,False,False,App__CMakeLists.txt:n_dst_161,added,unquoted_argument,1544,1567,6,a292d0d7fb34f714c51cef69f3fbdd874e285cc7_destination_actor_148,['APPLE'],"['a292d0d7fb34f714c51cef69f3fbdd874e285cc7_destination_actor_142', 'a292d0d7fb34f714c51cef69f3fbdd874e285cc7_destination_actor_147']","set_target_properties(Natron PROPERTIES MACOSX_BUNDLE TRUE MACOSX_BUNDLE_BUNDLE_NAME ""${PROJECT_NAME}"" MACOSX_BUNDLE_INFO_STRING ""${PROJECT_NAME}Copyright (c) 2023 The Natron Developers"" MACOSX_BUNDLE_ICON_FILE Icon.icns MACOSX_BUNDLE_GUI_IDENTIFIER ""${PROJECT_NAME}"" MACOSX_BUNDLE_LONG_VERSION_STRING ""${PROJECT_VERSION}"" MACOSX_BUNDLE_SHORT_VERSION_STRING ""${PROJECT_VERSION_MAJOR}.${PROJECT_VERSION_MINOR}"" MACOSX_BUNDLE_BUNDLE_VERSION ""${PROJECT_VERSION}"" MACOSX_BUNDLE_COPYRIGHT ""Copyright (c) 2023 The Natron Developers"")",[],0
CMakeLists.txt:n_dst_793/CMakeLists.txt:n_dst_792,a292d0d7fb34f714c51cef69f3fbdd874e285cc7_destination_def_110,DELIVERABLE,Natron,True,False,False,False,App__CMakeLists.txt:n_dst_180,added,unquoted_argument,1647,1653,3,a292d0d7fb34f714c51cef69f3fbdd874e285cc7_destination_actor_149,[],['a292d0d7fb34f714c51cef69f3fbdd874e285cc7_destination_actor_142'],target_link_libraries(Natron PRIVATE NatronGui Python3::Python),['a292d0d7fb34f714c51cef69f3fbdd874e285cc7_destination_use_162'],0
CMakeLists.txt:n_dst_793/CMakeLists.txt:n_dst_792,a292d0d7fb34f714c51cef69f3fbdd874e285cc7_destination_def_111,DELIVERABLE,Natron,True,False,False,False,App__CMakeLists.txt:n_dst_193,added,unquoted_argument,1737,1743,3,a292d0d7fb34f714c51cef69f3fbdd874e285cc7_destination_actor_150,[],['a292d0d7fb34f714c51cef69f3fbdd874e285cc7_destination_actor_142'],target_include_directories(Natron PRIVATE .. ../Gui ../Engine ../Global),['a292d0d7fb34f714c51cef69f3fbdd874e285cc7_destination_use_164'],0
